Job URL,Job Title,Company Name,Company URL,Job Location,Posted Date,Founded Date,Headquarter,City,Postal Code,Industries,Phone,Date We Got Data
https://www.linkedin.com/jobs/view/junior-full-stack-engineer-at-thoughtful-ai-3687346652,Junior Full-Stack Engineer,Thoughtful AI,https://www.linkedin.com/company/thoughtful-ai,"Chicago, IL",2023-08-08,2020,171 N Aberdeen St,Chicago,60607,['Software Development'],,2023-09-17
Job URL,Job Title,Company Name,Company URL,Job Location,Posted Date,Founded Date,Headquarter,City,Postal Code,Industries,Phone,Date We Got Data
https://www.linkedin.com/jobs/view/software-engineer-python-c%2B%2B-at-maven-3717085299,Software Engineer Python / C++,maven,https://www.linkedin.com/company/maven-alpha,Greater Chicago Area,2023-09-15,2007,525 Broadway,New York,10012,['Staffing and Recruiting'],,2023-09-17
Job URL,Job Title,Company Name,Company URL,Job Location,Posted Date,Founded Date,Headquarter,City,Postal Code,Industries,Phone,Date We Got Data
https://www.linkedin.com/jobs/view/entry-level-python-programmer-data-scientist-analyst-at-synergisticit-3690170433,Entry Level Python Programmer/Data scientist/Analyst,SynergisticIT,https://www.linkedin.com/company/synergisticit,"Chicago, IL",2023-08-18,2010,Civic Center Dr,Fremont,94539,['IT Services and IT Consulting'],,2023-09-17
Job URL,Job Title,Company Name,Company URL,Job Location,Posted Date,Founded Date,Headquarter,City,Postal Code,Industries,Phone,Date We Got Data
https://www.linkedin.com/jobs/view/entry-level-python-programmer-data-scientist-analyst-at-synergisticit-3700623525,Entry Level Python Programmer/Data scientist/Analyst,SynergisticIT,https://www.linkedin.com/company/synergisticit,"Chicago, IL",2023-08-30,2010,Civic Center Dr,Fremont,94539,['IT Services and IT Consulting'],,2023-09-17
Job URL,Job Title,Company Name,Company URL,Job Location,Posted Date,Founded Date,Headquarter,City,Postal Code,Industries,Phone,Date We Got Data
https://www.linkedin.com/jobs/view/backend-engineer-at-vermillio-3674904687,Backend Engineer,Vermillio,https://www.linkedin.com/company/vermillio,"Chicago, IL",2023-07-25,Not Given,220 N Green Street,Chicago,60607,['Software Development'],,2023-09-17
Job URL,Job Title,Company Name,Company URL,Job Location,Posted Date,Founded Date,Headquarter,City,Postal Code,Industries,Phone,Date We Got Data
https://www.linkedin.com/jobs/view/python-developer-at-diverse-lynx-3648050723,Python Developer,Diverse Lynx,https://www.linkedin.com/company/diverselynx,"Chicago, IL",2023-07-04,2002,300 Alexander Park Dr,Princeton,08540,['Software Development'],7324521006,2023-09-17
Job URL,Job Title,Company Name,Company URL,Job Location,Posted Date,Founded Date,Headquarter,City,Postal Code,Industries,Phone,Date We Got Data
https://www.linkedin.com/jobs/view/software-engineer-python-sql-c%23-at-iquest-solutions-corporation-3645149236,"Software Engineer (Python, SQL, C#)",IQuest Solutions Corporation,https://www.linkedin.com/company/iquest-solutions-corporation,"Chicago, IL",2023-06-01,Not Given,"6860 North Dallas Parkway, Suite",Dallas City,,['IT Services and IT Consulting'],+18883820033,2023-09-17
Job URL,Job Title,Company Name,Company URL,Job Location,Posted Date,Founded Date,Headquarter,City,Postal Code,Industries,Phone,Date We Got Data
https://www.linkedin.com/jobs/view/python-engineer-d-ml-fnlp-d-chicago-at-redmane-technology-llc-3721894589,Python Engineer - D ML- FNLP - D Chicago,RedMane Technology LLC,https://www.linkedin.com/company/redmane-technology,"Chicago, IL",2023-09-15,2000,"8614 W Catalpa Ave, Suite 1001",Chicago,60656,['IT Services and IT Consulting'],,2023-09-17
Job URL,Job Title,Company Name,Company URL,Job Location,Posted Date,Founded Date,Headquarter,City,Postal Code,Industries,Phone,Date We Got Data
https://www.linkedin.com/jobs/view/junior-full-stack-engineer-at-thoughtful-ai-3687346652,Junior Full-Stack Engineer,Thoughtful AI,https://www.linkedin.com/company/thoughtful-ai,"Chicago, IL",2023-08-08,2020,171 N Aberdeen St,Chicago,60607,['Software Development'],,2023-09-17
Job URL,Job Title,Company Name,Company URL,Job Location,Posted Date,Founded Date,Headquarter,City,Postal Code,Industries,Phone,Date We Got Data
https://www.linkedin.com/jobs/view/entry-level-python-programmer-data-scientist-analyst-at-synergisticit-3690170433,Entry Level Python Programmer/Data scientist/Analyst,SynergisticIT,https://www.linkedin.com/company/synergisticit,"Chicago, IL",2023-08-18,2010,Civic Center Dr,Fremont,94539,['IT Services and IT Consulting'],,2023-09-17
Job URL,Job Title,Company Name,Company URL,Job Location,Posted Date,Founded Date,Headquarter,City,Postal Code,Industries,Phone,Date We Got Data
https://www.linkedin.com/jobs/view/entry-level-python-programmer-data-scientist-analyst-at-synergisticit-3700623525,Entry Level Python Programmer/Data scientist/Analyst,SynergisticIT,https://www.linkedin.com/company/synergisticit,"Chicago, IL",2023-08-30,2010,Civic Center Dr,Fremont,94539,['IT Services and IT Consulting'],,2023-09-17
Job URL,Job Title,Company Name,Company URL,Job Location,Posted Date,Founded Date,Headquarter,City,Postal Code,Industries,Phone,Date We Got Data
https://www.linkedin.com/jobs/view/backend-engineer-at-vermillio-3674904687,Backend Engineer,Vermillio,https://www.linkedin.com/company/vermillio,"Chicago, IL",2023-07-25,Not Given,220 N Green Street,Chicago,60607,['Software Development'],,2023-09-17
Job URL,Job Title,Company Name,Company URL,Job Location,Posted Date,Founded Date,Headquarter,City,Postal Code,Industries,Phone,Date We Got Data
https://www.linkedin.com/jobs/view/python-developer-at-diverse-lynx-3648050723,Python Developer,Diverse Lynx,https://www.linkedin.com/company/diverselynx,"Chicago, IL",2023-07-04,2002,300 Alexander Park Dr,Princeton,08540,['Software Development'],7324521006,2023-09-17
Job URL,Job Title,Company Name,Company URL,Job Location,Posted Date,Founded Date,Headquarter,City,Postal Code,Industries,Phone,Date We Got Data
https://www.linkedin.com/jobs/view/software-engineer-python-sql-c%23-at-iquest-solutions-corporation-3645149236,"Software Engineer (Python, SQL, C#)",IQuest Solutions Corporation,https://www.linkedin.com/company/iquest-solutions-corporation,"Chicago, IL",2023-06-01,Not Given,"6860 North Dallas Parkway, Suite",Dallas City,,['IT Services and IT Consulting'],+18883820033,2023-09-17
Job URL,Job Title,Company Name,Company URL,Job Location,Posted Date,Founded Date,Headquarter,City,Postal Code,Industries,Phone,Date We Got Data
https://www.linkedin.com/jobs/view/python-engineer-d-ml-fnlp-d-chicago-at-redmane-technology-llc-3721894589,Python Engineer - D ML- FNLP - D Chicago,RedMane Technology LLC,https://www.linkedin.com/company/redmane-technology,"Chicago, IL",2023-09-15,2000,"8614 W Catalpa Ave, Suite 1001",Chicago,60656,['IT Services and IT Consulting'],,2023-09-17
Job URL,Job Title,Company Name,Company URL,Job Location,Posted Date,Founded Date,Headquarter,City,Postal Code,Industries,Phone,Date We Got Data
https://www.linkedin.com/jobs/view/junior-full-stack-engineer-at-thoughtful-ai-3687346652,Junior Full-Stack Engineer,Thoughtful AI,https://www.linkedin.com/company/thoughtful-ai,"Chicago, IL",2023-08-08,2020,171 N Aberdeen St,Chicago,60607,['Software Development'],,2023-09-17
Job URL,Job Title,Company Name,Company URL,Job Location,Posted Date,Founded Date,Headquarter,City,Postal Code,Industries,Phone,Date We Got Data
https://www.linkedin.com/jobs/view/junior-full-stack-engineer-at-thoughtful-ai-3687346652,Junior Full-Stack Engineer,Thoughtful AI,https://www.linkedin.com/company/thoughtful-ai,"Chicago, IL",2023-08-08,2020,171 N Aberdeen St,Chicago,60607,['Software Development'],,2023-09-17
Job URL,Job Title,Company Name,Company URL,Job Location,Posted Date,Founded Date,Headquarter,City,Postal Code,Industries,Phone,Date We Got Data
https://www.linkedin.com/jobs/view/software-engineer-python-c%2B%2B-at-maven-3717085299,Software Engineer Python / C++,maven,https://www.linkedin.com/company/maven-alpha,Greater Chicago Area,2023-09-15,2007,525 Broadway,New York,10012,['Staffing and Recruiting'],,2023-09-17
Job URL,Job Title,Company Name,Company URL,Job Location,Posted Date,Founded Date,Headquarter,City,Postal Code,Industries,Phone,Date We Got Data
https://www.linkedin.com/jobs/view/junior-full-stack-engineer-at-thoughtful-ai-3687346652,Junior Full-Stack Engineer,Thoughtful AI,https://www.linkedin.com/company/thoughtful-ai,"Chicago, IL",2023-08-08,2020,171 N Aberdeen St,Chicago,60607,['Software Development'],,2023-09-17
Job URL,Job Title,Company Name,Company URL,Job Location,Posted Date,Founded Date,Headquarter,City,Postal Code,Industries,Phone,Date We Got Data
https://www.linkedin.com/jobs/view/software-engineer-python-c%2B%2B-at-maven-3717085299,Software Engineer Python / C++,maven,https://www.linkedin.com/company/maven-alpha,Greater Chicago Area,2023-09-15,2007,525 Broadway,New York,10012,['Staffing and Recruiting'],,2023-09-17
Job URL,Job Title,Company Name,Company URL,Job Location,Posted Date,Founded Date,Headquarter,City,Postal Code,Industries,Phone,Date We Got Data
https://www.linkedin.com/jobs/view/entry-level-python-programmer-data-scientist-analyst-at-synergisticit-3690170433,Entry Level Python Programmer/Data scientist/Analyst,SynergisticIT,https://www.linkedin.com/company/synergisticit,"Chicago, IL",2023-08-18,2010,Civic Center Dr,Fremont,94539,['IT Services and IT Consulting'],,2023-09-17
Job URL,Job Title,Company Name,Company URL,Job Location,Posted Date,Founded Date,Headquarter,City,Postal Code,Industries,Phone,Date We Got Data
https://www.linkedin.com/jobs/view/entry-level-python-programmer-data-scientist-analyst-at-synergisticit-3700623525,Entry Level Python Programmer/Data scientist/Analyst,SynergisticIT,https://www.linkedin.com/company/synergisticit,"Chicago, IL",2023-08-30,2010,Civic Center Dr,Fremont,94539,['IT Services and IT Consulting'],,2023-09-17
Job URL,Job Title,Company Name,Company URL,Job Location,Posted Date,Founded Date,Headquarter,City,Postal Code,Industries,Phone,Date We Got Data
https://www.linkedin.com/jobs/view/backend-engineer-at-vermillio-3674904687,Backend Engineer,Vermillio,https://www.linkedin.com/company/vermillio,"Chicago, IL",2023-07-25,Not Given,220 N Green Street,Chicago,60607,['Software Development'],,2023-09-17
Job URL,Job Title,Company Name,Company URL,Job Location,Posted Date,Founded Date,Headquarter,City,Postal Code,Industries,Phone,Date We Got Data
https://www.linkedin.com/jobs/view/python-developer-at-diverse-lynx-3648050723,Python Developer,Diverse Lynx,https://www.linkedin.com/company/diverselynx,"Chicago, IL",2023-07-04,2002,300 Alexander Park Dr,Princeton,08540,['Software Development'],7324521006,2023-09-17
Job URL,Job Title,Company Name,Company URL,Job Location,Posted Date,Founded Date,Headquarter,City,Postal Code,Industries,Phone,Date We Got Data
https://www.linkedin.com/jobs/view/software-engineer-python-sql-c%23-at-iquest-solutions-corporation-3645149236,"Software Engineer (Python, SQL, C#)",IQuest Solutions Corporation,https://www.linkedin.com/company/iquest-solutions-corporation,"Chicago, IL",2023-06-01,Not Given,"6860 North Dallas Parkway, Suite",Dallas City,,['IT Services and IT Consulting'],+18883820033,2023-09-17
Job URL,Job Title,Company Name,Company URL,Job Location,Posted Date,Founded Date,Headquarter,City,Postal Code,Industries,Phone,Date We Got Data
https://uk.linkedin.com/jobs/view/python-developer-at-cognizant-3711942625,Python Developer,Cognizant,https://www.linkedin.com/company/cognizant,"London, England, United Kingdom",2023-09-05,Not Given,300 Frank W Burr Blvd,Teaneck,07666,['IT Services and IT Consulting'],,2023-09-17
